id, name, age, city, ccnumber, year, 
id,Jimmy Cook,59,Bomsewim,3528218180689544,2035,
id,Aiden Page,32,Depveas,4026786230074656,2067,
id,Alexander Brown,25,Fizbuhnek,5410994815228249,2051,
id,Mabel Sandoval,61,Wovozoda,6376471323993697,2090,
id,Francisco Parks,62,Zacifiava,3528043964867813,2056,
id,Gussie Adams,51,Samejig,5150038903679584,2097,
id,John Griffith,57,Tampucu,347467522809832,2024,
id,Donald Yates,62,Ijesibip,4691179554253680,2047,
id,Eleanor Foster,51,Howiuvu,30012686680223,2119,
id,Mable Cobb,31,Gafbusuwo,5102082451151843,2047,
id,Margaret Pierce,60,Etjumre,343939636358991,2087,
id,Mamie Reyes,39,Jumkopa,6334339028768451,2062,
id,Lina Price,48,Wimkubra,201494897379220,2045,
id,Verna Fields,33,Carrawhal,6011921927587106,2033,
id,Robert Fuller,55,Rozopvup,4903244127387813,2120,
id,Albert Campbell,60,Nojzonup,6375825540124413,2087,
id,Isabella Little,47,Zowesiicu,3528233089641454,2094,
id,Alice Rose,47,Ezogaper,36867628885196,2106,
id,Adele Lyons,52,Gewdopa,201465600871463,2028,
id,Gilbert Edwards,42,Afacohtuz,201444344588790,2095,
id,Leon Nelson,60,Feretoz,6379138041878438,2106,
id,Christina Matthews,29,Vodeewa,6289444026788637,2060,
id,Luis Schwartz,49,Zasigji,5419990265373619,2045,
id,Beatrice Ramos,46,Iwabagi,6011863676319150,2066,
id,Jimmy Dennis,21,Beiriak,4903370327069818,2031,
id,John Garza,53,Catuku,6379826211999121,2076,
id,Jeffery Carter,62,Kiragit,36466454146136,2091,
id,Floyd Fisher,41,Pohavem,201445410984011,2067,
id,Mario Copeland,19,Ludivzok,4903492267261674,2033,
id,Christina Shelton,63,Gijjucew,6304042822123636,2089,
id,Brent Glover,58,Tifarko,201489484710829,2033,
id,Lois Hoffman,40,Niefeis,6298007608962448,2094,
id,Hattie Aguilar,39,Oheabuada,5610587684459925,2039,
id,Sallie Love,30,Bochovu,6265746913722943,2114,
id,Luella Vargas,37,Kivdeksot,3528538736024486,2092,
id,Henry McLaughlin,57,Dinpevwe,5422869434345705,2078,
id,Lottie Wong,47,Gaowgus,5107555245303296,2052,
id,Louis Alvarez,37,Nuneaca,5409851816348280,2089,
id,Roy McCoy,44,Uzpocag,30059052077260,2069,
id,Cornelia McDonald,47,Wiedfes,5102098046168845,2096,
id,Myrtie Rodgers,20,Cinific,6219010426951441,2067,
id,Josie White,59,Etdisroc,36274482632733,2045,
id,Victor White,51,Tihehut,30047730051724,2048,
id,Emma George,42,Doijoef,5610716964544243,2059,
id,Paul Kim,62,Nadozfe,30059937371631,2038,
id,Susie Scott,51,Wugeom,5188962724703305,2059,
id,Vernon Gross,53,Runogec,4799555199839499,2062,
id,Ivan Wright,21,Afirbo,6215430562512415,2039,
id,Frances Roberson,32,Ujrovar,5018095530723062,2112,
id,Lena Atkins,30,Sagveife,4026452396254042,2054,
id,Russell Nunez,18,Kafovzaw,36866402590600,2038,
id,Stephen Watkins,53,Omulocwi,6304731686328709,2058,
id,Thomas Wilkerson,22,Kudufti,6266026275942846,2040,
id,Nancy Price,42,Safbewi,4920768153728366,2101,
id,Callie Parsons,49,Bubuder,6371192837948242,2023,
id,Cecelia Chavez,57,Opvedo,4026344005289073,2023,
id,Helen Frazier,22,Sufekvul,4903465755970329,2077,
id,Pearl Turner,56,Dogohac,30019632525048,2099,
id,Lucille Coleman,37,Bisocjok,5144454038942095,2090,
id,Todd Clark,29,Ligcoke,5137453392374571,2092,
id,Madge Mendoza,47,Ginkikma,6379456151924119,2100,
id,Manuel Norris,60,Jojasvor,30044310036795,2105,
id,Kate Delgado,22,Sautajos,36062471415065,2065,
id,Seth Miles,31,Vupiki,5018305691475927,2052,
id,Estelle Quinn,58,Zovuho,5018190558923023,2056,
id,Bryan Coleman,63,Rerucpos,3528217485339334,2122,
id,Scott Hammond,62,Himvejog,6334953704972631,2035,
id,Nicholas Holmes,58,Niorovu,6334099855190498,2024,
id,Lelia Wolfe,59,Gurepeh,6371172370364908,2079,
id,Brent Craig,49,Amoweec,6304912721190805,2054,
id,Charlotte Fletcher,57,Jaanuot,30069123248824,2027,
id,Adam Fitzgerald,49,Uraodemu,5610932863294307,2027,
id,Leon Newman,41,Ebuhongu,201459991860284,2107,
id,Mattie Poole,58,Milodwuh,5018152421105873,2048,
id,Herman Thornton,62,Roirze,30080631810153,2039,
id,Vincent Cole,43,Robtipe,3528564004967743,2101,
id,Chad Stephens,51,Rirablic,6379807832837494,2025,
id,Aiden Cobb,31,Idoerjaf,4490093630827412,2074,
id,Nathan Norris,37,Betijtow,5018834970924206,2053,
id,Bill Blair,30,Neharcef,3528690891355088,2091,
id,Oscar Day,19,Warhovig,4903115491981342,2070,
id,Jeffery Young,24,Rimoder,5157073488116010,2045,
id,Ruby Osborne,33,Pewbupol,5610443392126044,2093,
id,Lida Gomez,63,Voktecval,30057826524468,2109,
id,Jerry Richards,47,Ugearicow,5140110934056372,2112,
id,Ivan Padilla,28,Agjille,6379559460282275,2039,
id,Lottie Mitchell,47,Tagekme,4903833771824780,2034,
id,Andre Crawford,37,Dejaga,3528988881140902,2108,
id,Minnie Bass,40,Duvnaduj,6376684026140297,2088,
id,Carrie Ruiz,36,Memsogece,36877840727738,2113,
id,Claudia Caldwell,20,Igatenoc,6011688115220291,2108,
id,Clayton Cunningham,40,Honuguva,4026078092836079,2091,
id,Jesse Cobb,42,Kigasgo,201430857188326,2055,
id,Victor Sutton,54,Kelauze,4903992333824173,2105,
id,Walter Mitchell,38,Adoseneh,6205170768179492,2022,
id,Jane Cunningham,43,Rahpebkic,6334345965322186,2031,
id,Gertrude Bush,55,Gawberbi,3528907473222225,2059,
id,Sophie Evans,56,Hehupuc,36866456634049,2080,
id,Virginia Washington,47,Ucogupfa,5494456914315862,2071,
id,Shane Rodgers,42,Lizibsov,6213083800893261,2047,
id,Bessie Alvarado,62,Lelwalub,5471245335455044,2106,
id,Aaron Montgomery,26,Pahamhuk,4026116800760726,2022,
id,Peter Greene,25,Zownuku,6304319652377304,2063,
id,Devin Aguilar,18,Dandicur,4779384266699304,2062,
id,Rosalie Hodges,44,Mopnutuf,349154459965161,2111,
id,Christine Arnold,60,Ebocatug,6304278692514955,2106,
id,William McKinney,41,Vehipa,6379123092126960,2037,
id,Adrian Peterson,21,Vatalza,4903570646118796,2029,
id,Roxie Watson,26,Ewevavib,344001787093544,2054,
id,Lula Schwartz,55,Sealaad,6304678473240581,2086,
id,Lucy Jennings,57,Dadidaz,5125957010604734,2118,
id,Sadie Graham,35,Erzarvo,6372205776024806,2107,
id,Lily Wong,54,Panocid,5610585838951409,2102,
id,Calvin Luna,27,Ugivanup,30088905186978,2095,
id,Timothy Schmidt,18,Ofonagku,30048662022048,2044,
id,Jeffrey Garza,22,Wuswieji,36498638873343,2073,
id,Elva Crawford,20,Gubvuiga,5187187394495997,2061,
id,Owen Morris,35,Vulucise,6011139576037055,2049,
id,Sophie Gregory,30,Mezbuaf,5472216377362587,2064,
id,Wayne Butler,45,Nagjazkup,4302370804399370,2103,
id,Carrie McGuire,43,Padevigim,6011296358441960,2068,
id,Henrietta James,34,Cohahdor,4903652597775293,2094,
id,Victoria Drake,30,Ukgahig,6011548834030829,2036,
id,Mina Cohen,53,Ehunesu,4156040542330519,2117,
id,Dollie Davis,29,Ikeizehi,5187890132086446,2042,
id,Nancy Harris,49,Reglobsiz,5610488998100539,2055,
id,Minnie Tyler,59,Nosowop,5158862683757464,2090,
id,Teresa Stevens,29,Iragumi,3528541410944474,2063,
id,Leona Mason,44,Macecelet,6304801701520026,2085,
id,Walter Lane,43,Padisocam,5610035004068729,2083,
id,Francis Shelton,28,Japukoc,4903491644823768,2036,
id,Eugenia Ross,47,Cezodiro,4903982286923320,2102,
id,Susan Barnett,49,Ewvekges,36521697646571,2106,
id,Caroline Todd,21,Wimamak,5018108471214346,2045,
id,Brent Ortiz,54,Abtuvmid,6334693252018045,2036,
id,Verna Marsh,63,Pasunuc,5134217262530338,2094,
id,Maria Jennings,47,Malatep,6304666805631569,2039,
id,Isabel Cunningham,60,Jevgewu,5610096515648946,2116,
id,Helena Webster,19,Vicsajfok,5404226978215566,2071,
id,Wesley Robertson,49,Doupvi,30008187187213,2112,
id,Helena Hudson,26,Keukpub,6011641209211627,2055,
id,Joshua Patterson,27,Lilvilawi,6266154111635141,2088,
id,Nina Vega,62,Nehhoba,5610043138332896,2059,
id,Fanny Moody,50,Felhawi,5106362577658319,2096,
id,Ida Huff,34,Kalonnem,30062234588949,2064,
id,Seth Powers,33,Atkigiv,5610369709944920,2102,
id,Trevor McCarthy,49,Resewnu,4903674425380229,2107,
id,Josephine Young,48,Pedidah,6376950906903447,2040,
id,Rosetta Weaver,35,Umiijuli,5439910431505171,2087,
id,Hallie Dixon,55,Gemamen,3528073864733070,2070,
id,Clayton Lynch,29,Sutnadebe,345879260667127,2091,
id,Mildred Boone,40,Seireci,5018183099173760,2047,
id,Jesse Mendez,58,Zavkuhi,36861564733775,2087,
id,Hallie Porter,50,Fubdohe,30097175813609,2058,
id,Phillip Ellis,49,Sivpirbe,5018416146419020,2047,
id,Ruth Webster,51,Masepoj,4026593225389655,2093,
id,Myrtle Morton,22,Uzinuig,4026537724477255,2092,
id,Mario Bennett,60,Zilalgim,6011121820395919,2045,
id,Ronnie Armstrong,29,Kikewga,30047294983304,2083,
id,Corey Sanchez,41,Mihaule,6375724200289287,2080,
id,Flora King,25,Gogicomo,36317761253521,2065,
id,Amelia Martin,64,Lotjiko,5018851700303204,2038,
id,Alice Robertson,47,Vitvoweji,4903636670055541,2120,
id,Corey Reese,31,Moccivdu,6233156714196223,2108,
id,Leah Fields,28,Keuhisu,201457627107641,2070,
id,Willie Thomas,41,Rokicmuf,344376782136955,2087,
id,Lily Yates,42,Tibawfu,201426047424589,2109,
id,Edith Roberson,65,Gofasluw,348385780506081,2068,
id,Emma Williamson,30,Tombojat,3528464126274195,2072,
id,Jacob Pratt,36,Evvofo,201443441655460,2055,
id,Iva Lane,59,Guhekun,4903875569232106,2063,
id,Lulu Reed,28,Canaume,3528223430033741,2082,
id,Nell Johnson,37,Izinezesi,6219693031465541,2046,
id,Eva Herrera,43,Cuigivi,5610976849111903,2041,
id,Madge Stevens,26,Apladda,4903947120404365,2026,
id,Louise Jensen,63,Tivrohgoz,6011339780550188,2045,
id,Cecelia Tran,19,Jahliccik,4903407883425164,2101,
id,Elsie Austin,31,Nabsufku,201448932137548,2083,
id,Vera Parsons,32,Wulzoge,5610266398664795,2111,
id,Arthur Clarke,39,Iwugopzu,201444017979375,2048,
id,Clyde Hayes,25,Uguzewaza,4026727937527349,2031,
id,Lenora Norton,52,Gouloha,6370834502283949,2069,
id,Charlotte Adams,24,Uketuuj,3528249210960845,2034,
id,Danny Freeman,56,Ochajol,5115709009608990,2095,
id,Shane Massey,38,Uvinle,5470806267742674,2046,
id,Cody Glover,53,Utwerrad,340754097797717,2082,
id,Scott Hines,50,Garusiru,4026447295988930,2031,
id,Essie Willis,48,Laiffup,6011341184460071,2065,
id,Gregory Lane,62,Nadnucvi,3528482911882709,2120,
id,Edith Rogers,53,Anvesa,5444825129819697,2092,
id,Katherine Valdez,51,Leuwikem,201410902178589,2106,
id,Georgia Norris,18,Rewilo,5610005116785494,2116,
id,Olive Miller,50,Gufaopu,6376126555738067,2028,
id,Roy Rice,35,Dukabnih,30029127584194,2051,
id,Birdie Parsons,40,Cifizdo,6370982822540967,2062,
id,Barry Ball,31,Tizlolro,5610706601510392,2066,
id,Addie Howell,25,Loinodob,30079107151597,2046,
id,Roger Sparks,20,Zirkogi,36578423203457,2117,
id,Connor Hodges,37,Heuporu,4701885034191724,2097,
id,Brandon Ford,54,Zakigge,30092523726082,2115,
